{"time": 1513629857.6857884, "map": [-0.08281374275207354, -0.08217568957703206, -0.07821478385017208, -0.07355593355479127, -0.06950097819310846, -0.06650549113004058, -0.06453422636212433, -0.06331512691910209, -0.06251020443425732, -0.06181999174815042, -0.061036662738971986, -0.06005930590129464, -0.05888323052357434, -0.057573576643310545, -0.05623189228734964, -0.05496273622158265, -0.05431210109465206, -0.05346180277203492, -0.052557407880188006, -0.051684757065092915, -0.050617268526544815, -0.049774955317819, -0.04892837142072759, -0.04794752266902055, -0.047212967939231035, -0.046621145406781916, -0.046123824806763775, -0.045470316786863585, -0.044934335212881295, -0.044392357900796764, -0.043590829817570044, -0.0429551951630442, -0.04221328255101562, -0.041588484978894696, -0.04093324670853644, -0.04029643566290825, -0.03954743398232926, -0.03891989879634887, -0.03846867681905091, -0.03801488248416238, -0.037658580647217665, -0.037241651174278696, -0.03668870714108179, -0.03605751158585629, -0.03541941451284947, -0.03488825246793257, -0.0344096056471384, -0.033821956800712476, -0.03324428046785902, -0.03277305642719271, -0.03236284318903253, -0.032029466235768515, -0.031714837699301265, -0.03141038228732389, -0.03114431865533809, -0.030959495133308274, -0.030715236331480142, -0.03040820043021155, -0.02988609428790185, -0.029473276390230098, -0.028857408430147325, -0.02836977215811866, -0.02782342599634411, -0.027405749879053046, -0.027048275644936063, -0.026700370995937122, -0.026431474498741524, -0.02625333833050134, -0.02613814327900971, -0.025752402481353184, -0.025391655641364037, -0.02504631024226312, -0.024747667123685282, -0.02444791886785209, -0.02412133858481936, -0.023808774348740742, -0.02357207407171842, -0.02339659509152362, -0.02326004144139678, -0.022975703305251474, -0.022769676798913605, -0.022516969846075992, -0.022234223002819232, -0.021926938952841212, -0.02155614291727184, -0.02126099022803232, -0.02087544677333549, -0.020629069997791852, -0.020349218813571154, -0.020138728325567807, -0.019963657567984412, -0.019953414814365657, -0.019757139056796432, -0.01959447270752187, -0.01948002815001451, -0.019269667945074263, -0.01902762988592516, -0.018703961982744197, -0.018570831832958868, -0.0183131960300663, -0.018133904184836357, -0.017972959312500338, -0.01780004073446654, -0.017710853108828462, -0.01758770763994795, -0.017464467234515568, -0.01728051294160658, -0.01708623859170274, -0.017025756242829093, -0.01691937578541256, -0.016698700712583482, -0.01647558311851465, -0.016334452318712646, -0.01616178169377137, -0.015958824973988667, -0.01578278148745922, -0.015504518011070672, -0.015365846779087729, -0.01525857354847712, -0.01502666016046957, -0.014679926785978905, -0.014400069971341883, -0.014066917950109236, -0.013823150991391009, -0.013658532519437784, -0.013523450947721942, -0.013507445529957578, -0.013409775008516625, -0.013481566247327811, -0.013410185122354592, -0.013465944294960024, -0.013445936674056103, -0.013302170351073209, -0.013051919259469707, -0.012794410147684997, -0.012585496236147941, -0.012415683099788527, -0.012278877831838569, -0.012091807314813269, -0.012072315479303488, -0.012014069027694125, -0.011916676291860927, -0.011800303437659533, -0.011611866350187003, -0.011502338328671141, -0.01142012482350298, -0.011321186834570021, -0.011160173743611623, -0.01098792433734132, -0.010898313345815785, -0.010827812608776343, -0.010769258032146515, -0.010683845945688586, -0.010560509528978546, -0.010478137547887716, -0.0102930680000419, -0.010147681747452692, -0.009962747016706075, -0.009857414636326696, -0.009698090851152046, -0.009594898799946393, -0.009469222545713326, -0.009419681570774944, -0.009421233375058749, -0.009352253737721387, -0.00928896134499906, -0.009206316338075974, -0.009127439939641494, -0.008983141963207517, -0.008802795170772475, -0.00858210476746663, -0.008476846015161585, -0.00842220628384244, -0.00830892504963432, -0.008212947104959735, -0.008048742258669448, -0.008025016980734427, -0.007981896045503362, -0.007979531206062896, -0.007924123588905513, -0.007897010753094836, -0.007933475097084678, -0.007876532763671699, -0.0077963272788128405, -0.007725630529345334, -0.007540214215938713, -0.007386817635158517, -0.0073298304406055614, -0.007276921949315823, -0.007204017262841442, -0.007177342551023284, -0.0071378658524877975, -0.00708116131316158, -0.007087842748556303, -0.007002055667335356, -0.006836305716004742, -0.006669120150062327, -0.006466049998474271, -0.006372351148704324, -0.00632403111639365, -0.006313480100520224, -0.006349906559729504, -0.006351455104526716, -0.00635234716714578, -0.006345081183430201, -0.006253514678948666, -0.006157056745651924, -0.0060126840132638725, -0.005918257208277121, -0.0058036395817981905, -0.005645200811750211, -0.005604760798905227, -0.005491444742130803, -0.005415289942911652, -0.005396523785925628, -0.005399033086223566, -0.0053710835017394334, -0.005347424892786496, -0.005304254438206384, -0.00521902858753855, -0.005158392696090153, -0.005045402435369083, -0.004945314613935546, -0.0048688958554543495, -0.004806916787620453, -0.004813755947251017, -0.004807493367222511, -0.004831059422806745, -0.004908755374973649, -0.004880098965745503, -0.0047994032813122225, -0.004707198319222764, -0.004619902928090042, -0.004507784458385371, -0.0044240477277963305, -0.004314084737189863, -0.004220265131833498, -0.004134635543784221, -0.004096423387697744, -0.004104842371185493, -0.004041462724485873, -0.003971078541855682, -0.0038372408785572153, -0.0037478652306930514, -0.0036656149903985438, -0.00360257215448527, -0.0035767810307847244, -0.003573740363097546, -0.0036492091188859723, -0.0036464743251971884, -0.0037102606205592563, -0.0037249993822265548, -0.0036782147843139722, -0.003694945289879515, -0.0036854228825110064, -0.003620497154312739, -0.003516819396020816, -0.0033927716827494283, -0.0033011048625136443, -0.0032171302322486824, -0.003122989957743409, -0.003091746558418366, -0.003094317828192071, -0.0031255162177462985, -0.0031132613874862523, -0.0030840667370633876, -0.003022560388943974, -0.0029903148170155845, -0.00288512747523071, -0.002803677521017584, -0.0027404777710852194, -0.002721913595708863, -0.002667328993340902, -0.002602467535570862, -0.0026063665448335994, -0.002557657562597467, -0.002601909192435963, -0.00249117310224239, -0.0024189369812711446, -0.0022792223936680036, -0.0022671621388247777, -0.0022844477470671683, -0.0022603822390268617, -0.0022365727058876656, -0.002376689976116058, -0.0024248716695257134, -0.002385458929212824, -0.002311609998165604, -0.002185804712766471, -0.0020761485679208183, -0.0020000577200962088, -0.0019967574177261007, -0.0019541892775189924, -0.0019506425183894824, -0.0019802645173587754, -0.002008280258138318, -0.0019296506081182944, -0.0018775839447416924, -0.0017601384166607806, -0.001606210760073735, -0.0015174968733152854, -0.0015180750596937547, -0.0015757936628989153, -0.0016065556827772078, -0.0016423196528187265, -0.001598129216484777, -0.0015412579903414866, -0.001514008444591741, -0.0014389706364143855, -0.001292766044574317, -0.0012221528151312292, -0.0012358094146061474, -0.0012234378962896165, -0.0012479622195926395, -0.0012473622885987488, -0.0012418537923970716, -0.001170777732887302, -0.001084721380127941, -0.0010214754725874262, -0.0009136814993462345, -0.0008556225066520789, -0.0009381540547329774, -0.0010193688310189335, -0.0010884640300933665, -0.001125867068691867, -0.0011112020519782626, -0.0010048148937357837, -0.0008475155310922927, -0.0007805191894911517, -0.0006504318541049591, -0.0006302881928227909, -0.0006356002818203713, -0.0006393637194962941, -0.0006576809418776851, -0.0006615797594182178, -0.0007169386794844861, -0.0005897310049660443, -0.0005192359795827044, -0.0004456797288515141, -0.0004041653124209214, -0.000270213174041491, -0.00023388052796578137, -0.000196702120760374, -0.00023010728508875036, -0.00024112489398579802, -0.00023403790027316866, 